{"cameraMode":{"drawMode":0,"name":"Shaded","section":"Shading Mode"},"sceneLighting":true,"audioPlay":false,"sceneViewState":{"showFog":true,"showMaterialUpdate":false,"showSkybox":true,"showFlares":true,"showImageEffects":true,"showParticleSystems":true},"in2DMode":false,"pivot":{"x":488.04833984375,"y":498.2054443359375,"z":45.62940216064453},"rotation":{"x":0.09972357004880905,"y":0.1093248799443245,"z":-0.011024360544979573,"w":0.9889317750930786},"size":732.4910888671875,"orthographic":false}